timing,simulator,obstacles,agents,delay_start,delay_interval,delay_ratio,delay_type,makespan,soc,total_time,makespan_time,feasibility,cycle,execution_time,first_agent_arriving,cycle_count,cycle_agents,unblocked_agents,feasibility_count,feasibility_type_a,feasibility_type_b,feasibility_type_c,average_timestep_time,average_feasibility_time,average_cycle_time,average_feasibility_unsettled,average_feasibility_loop,average_feasibility_topo,average_feasibility_recursion,makespan_lower,makespan_upper,soc_lower,soc_upper,average_timestep_time_lower,average_timestep_time_upper,makespan_time_lower,makespan_time_upper,partial_replan_count,partial_replan_time,full_replan_count,full_replan_time,data_points
discrete,online,90,30,0,0,0.1,agent,43.062814070351756,21.16532738693467,0.2525904595477387,0.005788872343084663,heuristic,proposed,0.16076436708542713,4.369346733668341,4.369346733668341,65.50502512562814,128.28140703517587,4.801507537688442,0,0,0,0.035460041975951186,0.033557195379034295,0.035460041975951186,280.6490827151631,124.16540540001597,12013.483842825237,0.0,42.60215161735061,43.523476523352905,20.962925168247395,21.367729605621946,0.03376878252499989,0.03715130142690248,0.005472832937877552,0.006104911748291773,0.0,0.0,0.0,0.0,398
discrete,online,90,30,0,0,0.1,agent,42.99246231155779,21.135167839195976,3.9749792738693466,0.0910155702878612,heuristic,semi-naive,2.6837902587939695,4.391959798994975,4.391959798994975,65.87688442211055,128.9321608040201,128.42211055276383,0,0,0,0.5735199164899172,0.037040707780433724,0.5735199164899172,4092.732678544236,1882.4096103714821,191352.95517404846,0.0,42.54239432863915,43.44253029447643,20.93457965598173,21.335756022410223,0.5440130571988221,0.6030267757810123,0.08540148690842687,0.09662965366729552,0.0,0.0,0.0,0.0,398
discrete,online,90,30,0,0,0.1,agent,42.99246231155779,21.135167839195976,112.51153067839198,2.658147635315138,heuristic,naive,70.66700189949748,4.391959798994975,4.391959798994975,131.75879396984925,128.9321608040201,35365.25879396985,0,0,0,16.93991020733538,0.5212819352420618,16.93991020733538,8181.786620512375,3797.1990877004064,384995.26859024557,0.0,42.54239432863915,43.44253029447643,20.93457965598173,21.335756022410223,15.17141568419386,18.7084047304769,2.44633715275351,2.8699581178767657,0.0,0.0,0.0,0.0,398
discrete,default,90,30,0,0,0.1,agent,43.040201005025125,21.142118090452257,0.0002804418040201005,6.566245810044587e-06,heuristic,proposed,0.0,4.376884422110553,0.0,0.0,0.0,0.0,0,0,0,0.0,0.0,0.0,0.0,0.0,0.0,0.0,42.590884233686246,43.489517776364,20.939641373397905,21.34459480750661,0.0,0.0,6.4532204435327524e-06,6.679271176556421e-06,0.0,0.0,0.0,0.0,398
discrete,replan,90,30,0,0,0.1,agent,43.040201005025125,21.142118090452257,0.00028147869597989946,6.589558563918579e-06,heuristic,proposed,0.0,4.376884422110553,0.0,0.0,0.0,0.0,0,0,0,0.0,0.0,0.0,0.0,0.0,0.0,0.0,42.590884233686246,43.489517776364,20.939641373397905,21.34459480750661,0.0,0.0,6.480159990532271e-06,6.698957137304887e-06,0.0,0.0,0.0,0.0,398
discrete,pibt,90,30,0,0,0.1,agent,43.469849246231156,21.244887688442212,0.006815663894472363,0.0001574904008953374,heuristic,proposed,0.003346767386934673,20.439698492462313,0.0,0.0,0.0,0.0,0,0,0,0.0001679289473715759,0.0,0.0,0.0,0.0,0.0,0.0,43.007128243727315,43.932570248735,21.04839102238289,21.441384354501533,0.00016333525471336373,0.00017252264002978808,0.0001548462103746232,0.00016013459141605158,0.0,0.0,0.0,0.0,398
discrete,online,90,30,0,1,0.1,agent,48.49097472924188,23.660650541516247,0.28689819512635384,0.005774201673002347,heuristic,proposed,0.18012931353790615,4.819494584837545,4.819494584837545,66.09205776173285,140.3303249097473,5.664259927797834,0,0,0,0.035352674422903616,0.0320179556901716,0.035352674422903616,282.7335523882456,123.57364660009063,12007.948037361757,0.0,48.06222299100472,48.91972646747904,23.460543912327243,23.860757170705252,0.033658113507583035,0.037047235338224196,0.005462456936683555,0.0060859464093211395,0.0,0.0,0.0,0.0,554
discrete,online,90,30,0,1,0.1,agent,48.415162454873645,23.619314981949458,4.03228316064982,0.08127366268937572,heuristic,semi-naive,2.7411912382671484,4.8483754512635375,4.8483754512635375,66.45487364620939,141.14259927797835,727.5162454873646,0,0,0,0.5231266903016758,0.03399310785037816,0.5231266903016758,4372.495970535682,1720.0667079510943,175209.29672615795,0.0,47.985705479750905,48.844619429996385,23.419738156566524,23.818891807332392,0.49796498170184167,0.5482883989015099,0.07648855234226377,0.08605877303648767,0.0,0.0,0.0,0.0,554
discrete,online,90,30,0,1,0.1,agent,48.415162454873645,23.619314981949458,72.29250826714801,1.4956381889364756,heuristic,naive,41.33257593321299,4.8483754512635375,4.8483754512635375,134.23104693140795,141.14259927797835,142794.12815884477,0,0,0,9.249923824957284,0.27595760550898824,9.249923824957284,181383.5464281807,4182.352985046442,483921.6643150171,0.0,47.985705479750905,48.844619429996385,23.419738156566524,23.818891807332392,8.269089044991668,10.2307586049229,1.361706854174559,1.6295695236983923,0.0,0.0,0.0,0.0,554
discrete,default,90,30,0,1,0.1,agent,48.63357400722022,23.789895848375448,0.0003843751137184116,7.934418903292458e-06,heuristic,proposed,0.0,4.824909747292419,0.0,0.0,0.0,0.0,0,0,0,0.0,0.0,0.0,0.0,0.0,0.0,0.0,48.20271020596544,49.064437808475,23.584940953297874,23.99485074345302,0.0,0.0,7.85664884700545e-06,8.012188959579465e-06,0.0,0.0,0.0,0.0,554
discrete,replan,90,30,0,1,0.1,agent,48.09927797833935,23.49380216606498,0.44996394404332135,0.009362762339755783,heuristic,proposed,0.06695483090252707,4.805054151624549,0.0,0.0,0.0,0.0,0,0,0,0.013194758403415678,0.0,0.0,0.0,0.0,0.0,0.0,47.681248275267194,48.51730768141151,23.299019598028455,23.688584734101507,0.012228918269165353,0.014160598537666004,0.00900130230895682,0.009724222370554746,0.0,0.0,33.13357400722022,0.39959111913357404,554
discrete,pibt,90,30,0,1,0.1,agent,50.74548736462094,24.044042057761736,0.00745596953068592,0.00014726759339203597,heuristic,proposed,0.003653648844765343,23.29783393501805,0.0,0.0,0.0,0.0,0,0,0,0.00016181629597114878,0.0,0.0,0.0,0.0,0.0,0.0,50.13733439498273,51.353640334259154,23.830228001781705,24.257856113741767,0.00015803901921776844,0.0001655935727245291,0.0001451637080940676,0.00014937147869000433,0.0,0.0,0.0,0.0,554
discrete,online,90,30,0,10,0.1,agent,60.01030927835052,25.816083298969073,0.2927036946391752,0.004805996288120482,heuristic,proposed,0.17140128,4.597938144329897,4.597938144329897,62.77319587628866,133.27835051546393,5.265979381443299,0,0,0,0.03612559864832418,0.033562234921733866,0.03612559864832418,291.1528719447792,126.19294803707174,12372.061156855745,0.0,59.092722835224016,60.92789572147702,25.565096623804852,26.067069974133293,0.034394255779526865,0.037856941517121497,0.004552225909062289,0.005059766667178675,0.0,0.0,0.0,0.0,485
discrete,online,90,30,0,10,0.1,agent,59.75257731958763,25.7762218556701,4.017641208247422,0.06619927086671301,heuristic,semi-naive,2.6129188824742267,4.6206185567010305,4.6206185567010305,63.10515463917526,133.880412371134,121.87422680412371,0,0,0,0.5405948528436054,0.03700060596107346,0.5405948528436054,4576.747210841851,1769.757755240178,181670.5971168236,0.0,58.84093077644671,60.66422386272855,25.526066374269696,26.026377337070507,0.5142677208565475,0.5669219848306634,0.0625264547659309,0.06987208696749513,0.0,0.0,0.0,0.0,485
discrete,online,90,30,0,10,0.1,agent,59.75257731958763,25.7762218556701,73.87354997938144,1.251071864516148,heuristic,naive,39.517326612371136,4.6206185567010305,4.6206185567010305,127.89484536082475,133.880412371134,23297.696907216494,0,0,0,9.255824358814952,0.30647056786445237,9.255824358814952,110310.27493424674,4203.309801401348,431219.3283913509,0.0,58.84093077644671,60.66422386272855,25.526066374269696,26.026377337070507,8.103093648868404,10.4085550687615,1.1556578291369397,1.3464858998953564,0.0,0.0,0.0,0.0,485
discrete,default,90,30,0,10,0.1,agent,63.863917525773196,28.178625360824743,0.00033358898762886596,5.30174903758514e-06,heuristic,proposed,0.0,4.608247422680412,0.0,0.0,0.0,0.0,0,0,0,0.0,0.0,0.0,0.0,0.0,0.0,0.0,62.90116221808248,64.82667283346392,27.84368365631489,28.513567065334595,0.0,0.0,5.225716333444434e-06,5.377781741725846e-06,0.0,0.0,0.0,0.0,485
discrete,replan,90,30,0,10,0.1,agent,57.71958762886598,24.87449979381443,0.5811850556701031,0.01009540774763438,heuristic,proposed,0.06741023463917525,4.587628865979381,0.0,0.0,0.0,0.0,0,0,0,0.014002852027350085,0.0,0.0,0.0,0.0,0.0,0.0,56.85772616667657,58.58144909105539,24.65985609014706,25.0891434974818,0.012952812336483942,0.015052891718216228,0.00974086908537946,0.010449946409889301,0.0,0.0,43.51340206185567,0.5176711360824743,485
discrete,pibt,90,30,0,10,0.1,agent,62.595876288659795,26.404262061855672,0.008356004515463918,0.00013361230954113642,heuristic,proposed,0.0036664896288659795,24.79381443298969,0.0,0.0,0.0,0.0,0,0,0,0.00015311958398353984,0.0,0.0,0.0,0.0,0.0,0.0,61.535504500950324,63.656248076369266,26.12407074073735,26.684453382973995,0.0001492754893228068,0.00015696367864427287,0.00013060507044101375,0.0001366195486412591,0.0,0.0,0.0,0.0,485
discrete,online,90,30,0,20,0.1,agent,69.73003802281369,27.687769961977185,0.2991949422053232,0.004246142894546738,heuristic,proposed,0.1709580718631179,4.538022813688213,4.538022813688213,61.69391634980989,131.51140684410646,5.252851711026616,0,0,0,0.03699417072018392,0.03428029087437339,0.03699417072018392,295.3185912629829,127.25287290339571,12607.957029625422,0.0,68.59887477864196,70.86120126698542,27.360803344785328,28.014736579169043,0.035298494305287004,0.038689847135080835,0.004035670421203827,0.00445661536788965,0.0,0.0,0.0,0.0,526
discrete,online,90,30,0,20,0.1,agent,69.44866920152091,27.60481730038023,4.006410370722434,0.057107092455344365,heuristic,semi-naive,2.5650937775665397,4.557034220532319,4.557034220532319,61.98859315589353,132.02471482889734,121.3764258555133,0,0,0,0.546939368701957,0.03735161736254699,0.546939368701957,4594.1240652724955,1779.923705825227,184616.3559694583,0.0,68.34168010877632,70.55565829426551,27.282941632528107,27.926692968232352,0.5213227760863969,0.5725559613175172,0.05412245670328116,0.06009172820740757,0.0,0.0,0.0,0.0,526
discrete,online,90,30,0,20,0.1,agent,69.44866920152091,27.60481730038023,68.84417344106464,1.0213323340087304,heuristic,naive,38.725234252851706,4.557034220532319,4.557034220532319,126.17490494296578,132.02471482889734,29959.38022813688,0,0,0,9.095954929906068,0.29846962608993327,9.095954929906068,105079.20810734999,4189.97894870761,435077.5407005964,0.0,68.34168010877632,70.55565829426551,27.282941632528107,27.926692968232352,8.04941200562167,10.142497854190465,0.9457954314483686,1.0968692365690922,0.0,0.0,0.0,0.0,526
discrete,default,90,30,0,20,0.1,agent,79.80038022813689,33.322814258555134,0.00034419493916349803,4.41814236481362e-06,heuristic,proposed,0.0,4.5456273764258555,0.0,0.0,0.0,0.0,0,0,0,0.0,0.0,0.0,0.0,0.0,0.0,0.0,78.43541248064975,81.16534797562403,32.8298841898922,33.81574432721807,0.0,0.0,4.352056468414323e-06,4.484228261212917e-06,0.0,0.0,0.0,0.0,526
discrete,replan,90,30,0,20,0.1,agent,65.44866920152091,25.809504182509507,0.6434353992395437,0.00987649009050199,heuristic,proposed,0.07003159416349809,4.530418250950571,0.0,0.0,0.0,0.0,0,0,0,0.014572277087633532,0.0,0.0,0.0,0.0,0.0,0.0,64.48138612307531,66.41595227996652,25.586299322772796,26.032709042246218,0.013386730857346693,0.01575782331792037,0.00952757583784494,0.01022540434315904,0.0,0.0,48.57414448669201,0.5736192490494296,526
discrete,pibt,90,30,0,20,0.1,agent,72.33269961977186,28.15342319391635,0.008939756749049428,0.00012449602080791015,heuristic,proposed,0.0035177242566539926,25.669201520912548,0.0,0.0,0.0,0.0,0,0,0,0.0001442968777831863,0.0,0.0,0.0,0.0,0.0,0.0,70.94286029522853,73.72253894431519,27.784133575951955,28.522712811880744,0.00014096344946458485,0.00014763030610178776,0.00012193679910487795,0.00012705524251094234,0.0,0.0,0.0,0.0,526
discrete,online,180,30,0,0,0.1,agent,43.912,21.299468,0.3165759796,0.007179329004341928,heuristic,proposed,0.179780146,3.544,3.544,59.016,103.308,4.236,0,0,0,0.04784946671962481,0.04278605834456962,0.04784946671962481,359.07089595959593,132.89522251082252,15960.867540548341,0.0,43.32010819166768,44.50389180833232,21.06148269603718,21.53745330396282,0.04467781072687173,0.051021122712377895,0.0066315593326489435,0.007727098676034912,0.0,0.0,0.0,0.0,250
discrete,online,180,30,0,0,0.1,agent,43.88,21.323591200000003,5.232245719999999,0.11943412706686457,heuristic,semi-naive,3.1608795240000003,3.56,3.56,59.244,103.752,500.3,0,0,0,0.8290059020505051,0.042551952526745325,0.8290059020505051,6390.295445454545,2224.359325974026,279254.8245747475,0.0,43.29924978459662,44.46075021540339,21.086898553054027,21.56028384694598,0.7725596843284103,0.8854521197725999,0.10981937581800412,0.12904887831572504,0.0,0.0,0.0,0.0,250
discrete,online,180,30,0,0,0.1,agent,43.88,21.323591200000003,126.6179636,2.9128627266560394,heuristic,naive,75.10959784,3.56,3.56,106.8,103.752,47133.184,0,0,0,22.591006435108227,0.6066923905711031,22.591006435108227,15434.478273737373,4007.6202805194807,502725.78062712844,0.0,43.29924978459662,44.46075021540339,21.086898553054027,21.56028384694598,19.736190299105154,25.4458225711113,2.5969954211310307,3.228730032181048,0.0,0.0,0.0,0.0,250
discrete,default,180,30,0,0,0.1,agent,43.936,21.296133200000003,0.000289862328,6.666643722346041e-06,heuristic,proposed,0.0,3.56,0.0,0.0,0.0,0.0,0,0,0,0.0,0.0,0.0,0.0,0.0,0.0,0.0,43.35307694809662,44.51892305190338,21.060116565044055,21.532149834955952,0.0,0.0,6.5041585396299214e-06,6.82912890506216e-06,0.0,0.0,0.0,0.0,250
discrete,replan,180,30,0,0,0.1,agent,43.936,21.296133200000003,0.00028218296,6.497380555052823e-06,heuristic,proposed,0.0,3.56,0.0,0.0,0.0,0.0,0,0,0,0.0,0.0,0.0,0.0,0.0,0.0,0.0,43.35307694809662,44.51892305190338,21.060116565044055,21.532149834955952,0.0,0.0,6.361380940480989e-06,6.633380169624657e-06,0.0,0.0,0.0,0.0,250
discrete,pibt,180,30,0,0,0.1,agent,45.476,21.6291956,0.00727686224,0.0001607174048265325,heuristic,proposed,0.0030667454639999995,19.072,0.0,0.0,0.0,0.0,0,0,0,0.0001689505485266965,0.0,0.0,0.0,0.0,0.0,0.0,44.835063856486855,46.11693614351314,21.383357687287546,21.875033512712452,0.00016252505635615694,0.00017537604069723604,0.00015714597504975621,0.0001642888346033088,0.0,0.0,0.0,0.0,250
discrete,online,180,30,0,1,0.1,agent,50.23415977961432,24.105326721763085,0.37060402341597803,0.007355836631837485,heuristic,proposed,0.21270605674931128,4.201101928374656,4.201101928374656,65.40220385674931,120.71625344352617,5.809917355371901,0,0,0,0.04800704341506366,0.0392836163419757,0.04800704341506366,376.538684264924,134.7992649835625,15985.992173704777,0.0,49.7109666917335,50.75735286749514,23.87011503489445,24.34053840863172,0.045232473481496546,0.05078161334863078,0.006878607696124735,0.007833065567550234,0.0,0.0,0.0,0.0,363
discrete,online,180,30,0,1,0.1,agent,50.37741046831956,24.134068870523414,5.522391487603306,0.10961836741464513,heuristic,semi-naive,3.3988573774104687,4.209366391184573,4.209366391184573,65.45454545454545,120.9090909090909,5666.29476584022,0,0,0,0.780269533869788,0.03929221902980914,0.780269533869788,9789.894466308104,2095.2568539587137,261428.4297608116,0.0,49.84883937643051,50.90598156020861,23.89770256992326,24.370435171123567,0.7367304649026448,0.8238086028369312,0.10235384064175808,0.11688289418753219,0.0,0.0,0.0,0.0,363
discrete,online,180,30,0,1,0.1,agent,50.37741046831956,24.134068870523414,87.48647223140495,1.7545642834941275,heuristic,naive,49.87422517906336,4.209366391184573,4.209366391184573,117.02203856749311,120.9090909090909,200461.173553719,0,0,0,14.663409111462917,0.3962630058847861,14.663409111462917,225198.06619679678,4241.500913205251,551654.0216861651,0.0,49.84883937643051,50.90598156020861,23.89770256992326,24.370435171123567,12.830565995144312,16.496252227781522,1.5829718457915336,1.9261567211967214,0.0,0.0,0.0,0.0,363
discrete,default,180,30,0,1,0.1,agent,50.57300275482093,24.24573112947659,0.00039245304958677687,7.81539512045955e-06,heuristic,proposed,0.0,4.21763085399449,0.0,0.0,0.0,0.0,0,0,0,0.0,0.0,0.0,0.0,0.0,0.0,0.0,50.039843615722056,51.10616189391981,24.006711520758962,24.484750738194215,0.0,0.0,7.712333736083504e-06,7.918456504835596e-06,0.0,0.0,0.0,0.0,363
discrete,replan,180,30,0,1,0.1,agent,49.752066115702476,24.104315977961434,0.6513902727272727,0.013207291742296602,heuristic,proposed,0.1347433754710744,4.209366391184573,0.0,0.0,0.0,0.0,0,0,0,0.025378223920269203,0.0,0.0,0.0,0.0,0.0,0.0,49.24543116492922,50.25870106647573,23.866158568890633,24.342473387032236,0.0215038554218904,0.029252592418648006,0.012302992022000272,0.014111591462592932,0.0,0.0,34.21487603305785,0.5806803691460055,363
discrete,pibt,180,30,0,1,0.1,agent,53.47107438016529,24.790910192837465,0.008288544793388431,0.00015504801558930193,heuristic,proposed,0.003304890785123967,20.225895316804408,0.0,0.0,0.0,0.0,0,0,0,0.0001687062389537364,0.0,0.0,0.0,0.0,0.0,0.0,52.67210677957338,54.2700419807572,24.528320780964016,25.053499604710915,0.00016314685871390142,0.0001742656191935714,0.00015217395939509288,0.00015792207178351098,0.0,0.0,0.0,0.0,363
discrete,online,180,30,0,10,0.1,agent,61.44186046511628,25.95991295681063,0.3542055275747508,0.005730902639437537,heuristic,proposed,0.17327737308970098,3.691029900332226,3.691029900332226,56.85382059800664,106.05980066445183,4.601328903654485,0,0,0,0.045824355894900595,0.0395941728500741,0.045824355894900595,362.3501898433792,129.70735511258766,15309.486701734959,0.0,60.28481597413272,62.59890495609984,25.613692593127503,26.306133320493757,0.04292782686984064,0.04872088491996055,0.005340026657512446,0.0061217786213626285,0.0,0.0,0.0,0.0,301
discrete,online,180,30,0,10,0.1,agent,61.2890365448505,25.958693023255815,5.228030830564784,0.08531195497013767,heuristic,semi-naive,2.876907239202658,3.697674418604651,3.697674418604651,56.92358803986711,106.25249169435216,335.843853820598,0,0,0,0.7520923523071243,0.03984343999546373,0.7520923523071243,6908.020827400727,2051.4396574909033,253890.33955993247,0.0,60.1746316760173,62.403441413683694,25.616741016533943,26.300645029977687,0.704715369760175,0.7994693348540737,0.07844289657317548,0.09218101336709987,0.0,0.0,0.0,0.0,301
discrete,online,180,30,0,10,0.1,agent,61.2890365448505,25.958693023255815,90.71585687707642,1.5042469484165806,heuristic,naive,44.44464661129568,3.697674418604651,3.697674418604651,102.92691029900332,106.25249169435216,24425.318936877076,0,0,0,14.851120479881873,0.4061613047501054,14.851120479881873,117828.41516110316,4007.059617412857,520040.0685466435,0.0,60.1746316760173,62.403441413683694,25.616741016533943,26.300645029977687,12.66733117679948,17.034909782964263,1.3395326961632932,1.668961200669868,0.0,0.0,0.0,0.0,301
discrete,default,180,30,0,10,0.1,agent,65.08970099667773,28.091474418604648,0.0003369021063122924,5.272886169831084e-06,heuristic,proposed,0.0,3.7308970099667773,0.0,0.0,0.0,0.0,0,0,0,0.0,0.0,0.0,0.0,0.0,0.0,0.0,63.79800542716325,66.38139656619222,27.661493967483363,28.521454869725932,0.0,0.0,5.16276346700369e-06,5.383008872658478e-06,0.0,0.0,0.0,0.0,301
discrete,replan,180,30,0,10,0.1,agent,59.920265780730894,25.283942857142858,0.7564453621262459,0.012620467971501374,heuristic,proposed,0.10685045255813955,3.7142857142857144,0.0,0.0,0.0,0.0,0,0,0,0.022304373952565522,0.0,0.0,0.0,0.0,0.0,0.0,58.85359807386388,60.98693348759791,24.969647137260786,25.59823857702493,0.018987089176465688,0.025621658728665356,0.0119727813047073,0.013268154638295448,0.0,0.0,43.64119601328904,0.6660676445182724,301
discrete,pibt,180,30,0,10,0.1,agent,64.91694352159469,26.855038538205978,0.009186333820598006,0.00014125719544954275,heuristic,proposed,0.003143514096345515,20.19269102990033,0.0,0.0,0.0,0.0,0,0,0,0.00016041131342083392,0.0,0.0,0.0,0.0,0.0,0.0,63.49839860692593,66.33548843626345,26.472899878968157,27.2371771974438,0.0001552544547057294,0.00016556817213593842,0.00013666362187881212,0.00014585076902027337,0.0,0.0,0.0,0.0,301
discrete,online,180,30,0,20,0.1,agent,71.03370786516854,28.28623623595505,0.3949605154494383,0.00551431289835513,heuristic,proposed,0.19815751011235952,3.898876404494382,3.898876404494382,59.668539325842694,111.85955056179775,4.803370786516854,0,0,0,0.04869363270331728,0.042438400174427376,0.04869363270331728,368.969423265561,132.87143748885322,16227.443540440521,0.0,69.74797230042458,72.3194434299125,27.90434056978325,28.668131902126852,0.045809289866204174,0.051577975540430386,0.005168463711294559,0.005860162085415702,0.0,0.0,0.0,0.0,356
discrete,online,180,30,0,20,0.1,agent,71.42977528089888,28.351124157303367,5.651826685393258,0.07859710448844513,heuristic,semi-naive,3.2586179016853936,3.9213483146067416,3.9213483146067416,59.97752808988764,112.50842696629213,358.1292134831461,0,0,0,0.7986090053437668,0.04311322289545146,0.7986090053437668,6711.172539905475,2095.6924480560015,267932.7629625914,0.0,70.06962307201029,72.78992748978747,27.96143989583127,28.740808418775465,0.7502032324344444,0.8470147782530891,0.07315097987035904,0.08404322910653123,0.0,0.0,0.0,0.0,356
discrete,online,180,30,0,20,0.1,agent,71.42977528089888,28.351124157303367,85.88251337078653,1.2211699202597235,heuristic,naive,46.011592696629215,3.9213483146067416,3.9213483146067416,108.96629213483146,112.50842696629213,23962.845505617977,0,0,0,14.678270601926164,0.40964295994651767,14.678270601926164,110982.90664459603,4064.665304530051,543092.6875947476,0.0,70.06962307201029,72.78992748978747,27.96143989583127,28.740808418775465,12.707518316254372,16.649022887597955,1.1022403362409914,1.3400995042784556,0.0,0.0,0.0,0.0,356
discrete,default,180,30,0,20,0.1,agent,81.31741573033707,33.850187078651686,0.0003725526320224719,4.72457592795003e-06,heuristic,proposed,0.0,3.955056179775281,0.0,0.0,0.0,0.0,0,0,0,0.0,0.0,0.0,0.0,0.0,0.0,0.0,79.5357693504823,83.09906211019185,33.2465857944138,34.453788362889576,0.0,0.0,4.056166487870698e-06,5.392985368029362e-06,0.0,0.0,0.0,0.0,356
discrete,replan,180,30,0,20,0.1,agent,68.5,26.85046629213483,0.9065234073033708,0.013139827083038916,heuristic,proposed,0.13910828114887638,3.9353932584269664,0.0,0.0,0.0,0.0,0,0,0,0.02732127427416622,0.0,0.0,0.0,0.0,0.0,0.0,67.30979549499821,69.69020450500179,26.529307856216995,27.171624728052663,0.022676574861409643,0.0319659736869228,0.0125066825951688,0.013772971570909032,0.0,0.0,49.76685393258427,0.8025425786516853,356
discrete,pibt,180,30,0,20,0.1,agent,74.84269662921348,29.008428089887644,0.010046528735955056,0.00013561978589388994,heuristic,proposed,0.0031416634213483146,21.042134831460675,0.0,0.0,0.0,0.0,0,0,0,0.00015504999594521065,0.0,0.0,0.0,0.0,0.0,0.0,73.2403347422748,76.44505851615216,28.594403255494697,29.42245292428059,0.00014921518296271975,0.00016088480892770154,0.00013023409587573548,0.0001410054759120444,0.0,0.0,0.0,0.0,356
discrete,online,270,30,0,0,0.1,agent,54.42424242424242,27.15455454545455,2.124723787878788,0.03819540159196001,heuristic,proposed,1.0537471515151513,4.2727272727272725,4.2727272727272725,85.93939393939394,123.72727272727273,6.212121212121212,0,0,0,0.2726686590121999,0.23196667732139462,0.2726686590121999,874.8091171454807,236.6324609733701,72074.60248589794,0.0,52.44001314933973,56.40847169914512,26.46164971646987,27.847459374439225,0.21019974566378657,0.3351375723606132,0.030478481441675597,0.04591232174224443,0.0,0.0,0.0,0.0,33
discrete,online,270,30,0,0,0.1,agent,54.27272727272727,27.007072727272725,41.41775757575758,0.7537618807131389,heuristic,semi-naive,21.920487272727268,4.2727272727272725,4.2727272727272725,86.0,123.84848484848484,4047.4545454545455,0,0,0,5.411184791420701,0.22165698241096188,5.411184791420701,38554.083477633474,4701.727810573265,1454340.9437163847,0.0,52.2027444372249,56.342710108229646,26.44019192725798,27.57395352728747,4.502825394364998,6.319544188476404,0.6062504272383271,0.9012733341879506,0.0,0.0,0.0,0.0,33
discrete,online,270,30,0,0,0.1,agent,54.27272727272727,27.007072727272725,275.2663818181818,5.25100979910925,heuristic,naive,140.33276393939394,4.2727272727272725,4.2727272727272725,128.1818181818182,123.84848484848484,531363.0909090909,0,0,0,32.06129597861734,0.6817271306071209,32.06129597861734,155140.23881017973,7344.827948314312,2312669.824557261,0.0,52.2027444372249,56.342710108229646,26.44019192725798,27.57395352728747,21.585297959821283,42.53729399741339,4.041594858198347,6.460424740020152,0.0,0.0,0.0,0.0,33
discrete,default,270,30,0,0,0.1,agent,54.484848484848484,27.071727272727273,0.00031958757575757576,5.929994110499437e-06,heuristic,proposed,0.0,4.2727272727272725,0.0,0.0,0.0,0.0,0,0,0,0.0,0.0,0.0,0.0,0.0,0.0,0.0,52.41135997744334,56.55833699225363,26.45305649633525,27.690398049119295,0.0,0.0,5.5920327023235524e-06,6.267955518675321e-06,0.0,0.0,0.0,0.0,33
discrete,replan,270,30,0,0,0.1,agent,54.484848484848484,27.071727272727273,0.0003539659696969697,6.517167930198695e-06,heuristic,proposed,0.0,4.2727272727272725,0.0,0.0,0.0,0.0,0,0,0,0.0,0.0,0.0,0.0,0.0,0.0,0.0,52.41135997744334,56.55833699225363,26.45305649633525,27.690398049119295,0.0,0.0,5.330521506146428e-06,7.703814354250961e-06,0.0,0.0,0.0,0.0,33
discrete,pibt,270,30,0,0,0.1,agent,68.51515151515152,29.66767878787879,0.01402925,0.00020170079245255656,heuristic,proposed,0.007686631818181818,29.060606060606062,0.0,0.0,0.0,0.0,0,0,0,0.0002626771101266582,0.0,0.0,0.0,0.0,0.0,0.0,62.649668969872906,74.38063406043013,28.117128040947236,31.21822953481034,0.00023278585799453805,0.0002925683622587783,0.00018404269269069878,0.00021935889221441434,0.0,0.0,0.0,0.0,33
discrete,online,270,30,0,1,0.1,agent,61.627272727272725,31.434850909090912,2.7701769181818183,0.04318970104529057,heuristic,proposed,1.2517167363636366,5.0181818181818185,5.0181818181818185,91.78181818181818,142.1727272727273,8.690909090909091,0,0,0,0.2700760908821734,0.19757159910380773,0.2700760908821734,935.6104605117105,230.66609876234878,69851.01961136085,0.0,60.06332320799687,63.19122224654858,30.828975091822162,32.04072672635966,0.238150130183733,0.3020020515806138,0.036268568249296675,0.05011083384128446,0.0,0.0,0.0,0.0,110
discrete,online,270,30,0,1,0.1,agent,61.08181818181818,31.44697181818182,53.31425090909091,0.8411601397539257,heuristic,semi-naive,23.233542909090907,5.009090909090909,5.009090909090909,91.63636363636364,142.13636363636363,3203.2818181818184,0,0,0,4.957682247308247,0.18802769365246633,4.957682247308247,34891.41591977467,4157.7245569708075,1305689.3766695803,0.0,59.59513444924158,62.56850191439478,30.858877125020058,32.03506651134358,4.397721603552178,5.517642891064316,0.7075296723157356,0.9747906071921157,0.0,0.0,0.0,0.0,110
discrete,online,270,30,0,1,0.1,agent,61.08181818181818,31.44697181818182,274.4847445454545,4.499428834025984,heuristic,naive,90.87713545454547,5.009090909090909,5.009090909090909,138.8909090909091,142.13636363636363,135477.62727272726,0,0,0,20.041030780108773,0.3974774592323848,20.041030780108773,226555.95261627264,6577.972074175824,2092477.3073255916,0.0,59.59513444924158,62.56850191439478,30.858877125020058,32.03506651134358,17.681544320545314,22.400517239672233,3.8438791779296806,5.1549784901222875,0.0,0.0,0.0,0.0,110
discrete,default,270,30,0,1,0.1,agent,60.92727272727273,31.398790909090916,0.0004642271454545454,7.669210678172974e-06,heuristic,proposed,0.0,5.009090909090909,0.0,0.0,0.0,0.0,0,0,0,0.0,0.0,0.0,0.0,0.0,0.0,0.0,59.42119558588881,62.43334986865665,30.7950179752582,32.00256384292363,0.0,0.0,7.4495726929553145e-06,7.888848663390632e-06,0.0,0.0,0.0,0.0,110
discrete,replan,270,30,0,1,0.1,agent,59.663636363636364,31.441516363636364,29.247313809090908,0.4914784314159401,heuristic,proposed,12.580332561818183,5.0636363636363635,0.0,0.0,0.0,0.0,0,0,0,2.388616510909613,0.0,0.0,0.0,0.0,0.0,0.0,58.189534992895716,61.13773773437701,30.85293429855693,32.030098428715796,1.6062447182063577,3.1709883036128685,0.35255966862772514,0.6303971942041551,0.0,0.0,43.28181818181818,29.122643627272726,110
discrete,pibt,270,30,0,1,0.1,agent,80.15454545454546,35.74030636363637,0.017037952909090912,0.00021014752113622428,heuristic,proposed,0.009022414181818183,36.72727272727273,0.0,0.0,0.0,0.0,0,0,0,0.00024758010827082125,0.0,0.0,0.0,0.0,0.0,0.0,76.50624195967578,83.80284894941514,34.679717368364706,36.800895358908036,0.00023009759809403788,0.0002650626184476046,0.00019136346313581445,0.0002289315791366341,0.0,0.0,0.0,0.0,110
discrete,online,270,30,0,10,0.1,agent,78.0,36.027038888888896,2.8381509111111116,0.03529119840787371,heuristic,proposed,1.1152606,4.644444444444445,4.644444444444445,83.41111111111111,130.76666666666668,8.311111111111112,0,0,0,0.28158228088063175,0.19308943398338904,0.28158228088063175,996.8476467051468,228.95490820907486,71806.5822574956,0.0,75.54498206923606,80.45501793076394,34.98440906677017,37.06966871100762,0.23957261256934267,0.3235919491919208,0.0300033367942186,0.04057906002152882,0.0,0.0,0.0,0.0,90
discrete,online,270,30,0,10,0.1,agent,76.53333333333333,35.730001111111115,55.507327777777775,0.6976236727767166,heuristic,semi-naive,19.86595022222222,4.622222222222222,4.622222222222222,82.95555555555555,130.25555555555556,1732.4777777777779,0,0,0,4.863795364117364,0.19634445569957562,4.863795364117364,20247.30424242424,3985.4780435305433,1274435.45479798,0.0,74.19277233057188,78.87389433609478,34.760260968695434,36.699741253526796,4.248418597380468,5.479172130854261,0.5623727129113133,0.8328746326421198,0.0,0.0,0.0,0.0,90
discrete,online,270,30,0,10,0.1,agent,76.53333333333333,35.730001111111115,305.99403777777775,4.008876418283873,heuristic,naive,88.30070222222221,4.622222222222222,4.622222222222222,128.01111111111112,130.25555555555556,242905.61111111112,0,0,0,22.778303684463683,0.5016560035497282,22.778303684463683,92508.40799062049,6556.9894215969225,2125925.12751443,0.0,74.19277233057188,78.87389433609478,34.760260968695434,36.699741253526796,19.234195715193337,26.32241165373403,3.352351354193292,4.665401482374454,0.0,0.0,0.0,0.0,90
discrete,default,270,30,0,10,0.1,agent,82.96666666666667,38.81111,0.00038783191111111125,4.737068441546372e-06,heuristic,proposed,0.0,4.622222222222222,0.0,0.0,0.0,0.0,0,0,0,0.0,0.0,0.0,0.0,0.0,0.0,0.0,80.25930933548844,85.6740239978449,37.67203224474493,39.950187755255065,0.0,0.0,4.592509075749359e-06,4.881627807343385e-06,0.0,0.0,0.0,0.0,90
discrete,replan,270,30,0,10,0.1,agent,73.54444444444445,34.35370333333333,37.247626888888895,0.4967027458790711,heuristic,proposed,11.496659876666664,4.677777777777778,0.0,0.0,0.0,0.0,0,0,0,2.2696548699037997,0.0,0.0,0.0,0.0,0.0,0.0,71.2022075259775,75.8866813629114,33.50408601217711,35.203320654489545,1.615911232798542,2.9233985070090576,0.38713686126394686,0.6062686304941953,0.0,0.0,55.53333333333333,37.07032988888889,90
discrete,pibt,270,30,0,10,0.1,agent,102.12222222222222,42.85963111111111,0.01861280388888889,0.0001823059398002338,heuristic,proposed,0.009134057000000001,42.15555555555556,0.0,0.0,0.0,0.0,0,0,0,0.00023172675956908428,0.0,0.0,0.0,0.0,0.0,0.0,96.42685459613811,107.81758984830633,40.70786067636646,45.01140154585577,0.0002177329581873716,0.000245720560950797,0.0001709946007244689,0.0001936172788759987,0.0,0.0,0.0,0.0,90
discrete,online,270,30,0,20,0.1,agent,89.60194174757281,38.780254368932034,2.7813644174757286,0.0309664257688596,heuristic,proposed,1.1104373980582523,4.640776699029126,4.640776699029126,83.80582524271844,129.9902912621359,8.271844660194175,0,0,0,0.26730401282029725,0.19033979855714964,0.26730401282029725,1001.1628987517336,228.2170946636966,69059.65085389261,0.0,86.48158091211398,92.72230258303163,37.44685976177535,40.11364897608872,0.2336568650166569,0.3009511606239376,0.02726188415807597,0.03467096737964323,0.0,0.0,0.0,0.0,103
discrete,online,270,30,0,20,0.1,agent,88.42718446601941,38.59158349514563,51.35099417475729,0.5859146718306872,heuristic,semi-naive,21.70863893203883,4.621359223300971,4.621359223300971,83.41747572815534,129.5728155339806,3958.4174757281553,0,0,0,4.993452491608176,0.18892565287635182,4.993452491608176,120463.00642976223,4238.160651592205,1331748.3406232926,0.0,85.21408195904375,91.64028697299507,37.263890558300176,39.91927643199108,4.418967583907705,5.567937399308647,0.4876857591309841,0.6841435845303904,0.0,0.0,0.0,0.0,103
discrete,online,270,30,0,20,0.1,agent,88.42718446601941,38.59158349514563,294.43833106796114,3.4525037791413293,heuristic,naive,95.98041747572816,4.621359223300971,4.621359223300971,127.94174757281553,129.5728155339806,232323.71844660194,0,0,0,22.757022512783873,0.48386836846603765,22.757022512783873,922976.4142422843,7758.7555201810055,2518007.6218943945,0.0,85.21408195904375,91.64028697299507,37.263890558300176,39.91927643199108,19.09785791542792,26.416187110139827,2.825364881428448,4.079642676854211,0.0,0.0,0.0,0.0,103
discrete,default,270,30,0,20,0.1,agent,99.33009708737865,44.621038834951456,0.00040610616504854367,4.1533512311421445e-06,heuristic,proposed,0.0,4.660194174757281,0.0,0.0,0.0,0.0,0,0,0,0.0,0.0,0.0,0.0,0.0,0.0,0.0,95.79165834143775,102.86853583331954,43.278199055751955,45.96387861415096,0.0,0.0,4.028166419584229e-06,4.27853604270006e-06,0.0,0.0,0.0,0.0,103
discrete,replan,270,30,0,20,0.1,agent,82.96116504854369,35.57022427184466,36.429009126213586,0.4350820539185929,heuristic,proposed,11.15644865825243,4.650485436893204,0.0,0.0,0.0,0.0,0,0,0,2.0842434445320053,0.0,0.0,0.0,0.0,0.0,0.0,79.9371502168208,85.98517988026659,34.69300344990999,36.44744509377933,1.4684854214186567,2.700001467645354,0.3214898838844569,0.5486742239527289,0.0,0.0,60.80582524271845,36.21918019417476,103
discrete,pibt,270,30,0,20,0.1,agent,110.48543689320388,44.4307427184466,0.01976651359223301,0.00018407416161777588,heuristic,proposed,0.008220044368932039,42.44660194174757,0.0,0.0,0.0,0.0,0,0,0,0.00020986275781314498,0.0,0.0,0.0,0.0,0.0,0.0,104.9184942286687,116.05237955773906,42.50678438309634,46.354701053796866,0.00019712664538371532,0.00022259887024257463,0.00016287765092562074,0.00020527067230993103,0.0,0.0,0.0,0.0,103
